{"cameraMode":{"drawMode":0,"name":"Shaded","section":"Shading Mode"},"sceneLighting":true,"audioPlay":false,"sceneViewState":{"showFog":true,"showMaterialUpdate":false,"showSkybox":true,"showFlares":true,"showImageEffects":true,"showParticleSystems":true},"in2DMode":false,"pivot":{"x":-11.04693603515625,"y":0.9507923126220703,"z":-11.862321853637696},"rotation":{"x":-0.09702123701572418,"y":-0.8745298981666565,"z":0.19602108001708985,"w":-0.4328511655330658},"size":46.34897232055664,"orthographic":false}