{"cameraMode":{"drawMode":0,"name":"Shaded","section":"Shading Mode"},"sceneLighting":true,"audioPlay":false,"sceneViewState":{"showFog":true,"showMaterialUpdate":false,"showSkybox":true,"showFlares":true,"showImageEffects":true,"showParticleSystems":true},"in2DMode":false,"pivot":{"x":4.967489242553711,"y":-3.9807019233703615,"z":15.199638366699219},"rotation":{"x":-0.20326080918312074,"y":0.22304661571979524,"z":-0.047612957656383517,"w":-0.9521921873092651},"size":117.58975982666016,"orthographic":false}